Id,Username,First Name,Last Name,Email,IP Address,Street Name,Street Number,Postal Code,University,Favorite Animal,Work Sector
1,nderrington0,Netta,Derrington,nderrington0@wordpress.org,63.101.51.163,61,Mosinee,,Westbrook University ,"Duck, comb",n/a
2,hledward1,Ham,Ledward,hledward1@lycos.com,197.61.238.190,7,Little Fleur,783 91,"University of the West Indies, Cave Hill","Snake, racer",Technology
3,cweepers2,Cyrill,Weepers,cweepers2@free.fr,123.58.191.249,9,Continental,904-0401,Samford University,Uinta ground squirrel,Transportation
4,btrussler3,Barnabe,Trussler,btrussler3@google.it,89.127.192.59,82,Fordem,,University of Louisiana at Lafayette,King vulture,Capital Goods
5,ckrysztofowicz4,Chariot,Krysztofowicz,ckrysztofowicz4@51.la,94.199.121.170,6671,Nancy,,University of Kalamoon,Ostrich,Finance
6,agodmar5,Anselma,Godmar,agodmar5@upenn.edu,181.120.203.33,0,Kingsford,,European Institute of Education,Red-breasted nuthatch,Transportation
7,rluker6,Roderigo,Luker,rluker6@ocn.ne.jp,254.178.110.56,4951,Meadow Ridge,96120,Regis College,Great skua,Transportation
8,emcgarel7,Eldon,McGarel,emcgarel7@washingtonpost.com,14.210.94.125,78907,Brown,,Bicol University,Tawny eagle,Finance
9,dixer8,Dahlia,Ixer,dixer8@wp.com,86.188.138.18,8755,Northview,21230,Liceo de Cagayan University,"Peccary, white-lipped",Health Care
10,hhook9,Hillyer,Hook,hhook9@rediff.com,182.192.9.154,19,Lakewood,3361,Universitas Paramadina Mulya,Roe deer,n/a
11,apullana,Alicia,Pullan,apullana@t.co,19.21.246.90,93133,Graceland,65110-000,University of Hawaii - West Oahu,"Kite, black",Technology
12,dtitcombeb,Daryl,Titcombe,dtitcombeb@shareasale.com,254.72.50.93,516,Ramsey,71120,Ling Tung University,Northern fur seal,Energy
13,oorcasc,Onofredo,Orcas,oorcasc@addthis.com,158.158.200.2,8,South,2015,National Sanskrit University,Butterfly (unidentified),Consumer Durables
14,jjanochd,Jack,Janoch,jjanochd@accuweather.com,248.176.99.211,1,Alpine,,Rafsanjan University of Medical Sciences,Ostrich,n/a
15,wadrianoe,Wiatt,Adriano,wadrianoe@vimeo.com,21.204.31.168,6,Caliangt,,Universitas Ma Chung,"Oystercatcher, blackish",n/a
16,bhadgkissf,Bron,Hadgkiss,bhadgkissf@nifty.com,223.115.162.84,01863,Victoria,,"Universidad de Puerto Rico, Arecibo","Duiker, common",Transportation
17,aiacominig,Alexandrina,Iacomini,aiacominig@goo.gl,127.136.81.165,16,Fordem,,Kent State University - Ashtabula,"Kangaroo, eastern grey",n/a
18,lprouth,Lauren,Prout,lprouth@instagram.com,101.34.69.195,83310,Karstens,477027,Fachhochschule Kaiserslautern,Black-faced kangaroo,Consumer Services
19,ojustuni,Oriana,Justun,ojustuni@dyndns.org,244.251.159.147,03,Gerald,19-420,Riga Teacher Training and Educational Management Academy,"Otter, canadian river",Technology
20,fdaoustj,Flo,Daoust,fdaoustj@github.com,144.244.135.54,3670,Coleman,763 61,Guilford College,Brown antechinus,Basic Industries
21,nmatuszynskik,Nyssa,Matuszynski,nmatuszynskik@sfgate.com,64.240.175.7,8196,Crest Line,,University Institute of Architecture Venice,Agouti,Capital Goods
22,wespinhol,Winny,Espinho,wespinhol@indiegogo.com,145.101.63.44,83171,Eliot,,Lees-McRae College,Spotted hyena,Energy
23,ebernardonm,Erastus,Bernardon,ebernardonm@sbwire.com,176.216.162.136,337,Paget,20158,Ajayi Crowther University,Striated heron,Health Care
24,ntrewhittn,Nick,Trewhitt,ntrewhittn@si.edu,164.142.171.158,83,Eastwood,96922,"Instituto Politécnico Nacional, Campus Guanajuato",Thomson's gazelle,Consumer Services
25,tmeynello,Tull,Meynell,tmeynello@europa.eu,254.119.123.111,1,Moose,,Tokyo Kasei University,"Screamer, crested",Health Care
26,djubertp,Devon,Jubert,djubertp@go.com,63.112.228.92,403,Dottie,,Universidad Privada Abierta Latinoamericana,"Wallaroo, common",Finance
27,vmaruszewskiq,Vincenty,Maruszewski,vmaruszewskiq@senate.gov,94.159.202.77,13,Magdeline,,Sripatum University,"Badger, european",Health Care
28,colahyr,Christel,O'Lahy,colahyr@icio.us,55.196.155.110,7326,Laurel,6344,University of Italian Studies for Foreigners of Perugia,Ring-tailed coatimundi,Public Utilities
29,jbimss,Jefferson,Bims,jbimss@deliciousdays.com,108.205.14.124,7925,Morningstar,378 33,University Medical School of Debrecen,Southern lapwing,Energy
30,dbernardot,Dulcea,Bernardo,dbernardot@usnews.com,0.97.124.131,16,Laurel,,Tamil University,"Waxbill, blue",Capital Goods
31,glamortu,Gustie,Lamort,glamortu@smh.com.au,231.42.196.237,8172,Lukken,,"Universidad de Puerto Rico, Humacao",Savanna fox,Capital Goods
32,klarticev,Kore,Lartice,klarticev@senate.gov,99.117.196.234,231,Summit,75345 CEDEX 07,Universidad de Sucre,Red-necked wallaby,Health Care
33,lboldryw,Lebbie,Boldry,lboldryw@qq.com,216.89.175.140,1852,Dorton,,Ecole des Hautes Etudes en Gestion Informatique et Communication,"Tinamou, elegant crested",Capital Goods
34,sallewayx,Sayer,Alleway,sallewayx@shutterfly.com,135.1.197.95,7218,Schmedeman,,Niigata University of International and Information Studies,Water moccasin,Consumer Services
35,tpheaseyy,Trudi,Pheasey,tpheaseyy@constantcontact.com,200.205.238.189,0674,Pine View,20189,International Islamic College of Penang,"Cat, civet",Finance
36,bmclaughlinz,Bord,McLaughlin,bmclaughlinz@liveinternet.ru,137.114.186.1,53500,Sunnyside,,International Academy of  Merchandising and Design Chicago,African lynx,Finance
37,ltattersdill10,Lorrie,Tattersdill,ltattersdill10@wikia.com,7.127.130.150,542,Lakewood,09000-000,Uttarakhand Open University ,"Booby, masked",Consumer Services
38,tyves11,Tremayne,Yves,tyves11@hexun.com,221.109.77.23,3,East,,Shiraz University,Grey-footed squirrel,Finance
39,zborgnol12,Zabrina,Borgnol,zborgnol12@blogs.com,230.108.115.5,693,Village Green,,"Institute of Teachers Education, Kota Bharu","Gull, dusky",n/a
40,mhalligan13,Marty,Halligan,mhalligan13@businessinsider.com,165.184.178.62,51,Pankratz,662654,"Physical Education Academy ""Jedrzej Sniadecki"" in Gdansk",Hawk-headed parrot,Finance
41,jmasurel14,Jessey,Masurel,jmasurel14@nytimes.com,179.113.200.202,01265,Sherman,,Université d'Alger 3,Common zebra,Health Care
42,bmacey15,Bertie,Macey,bmacey15@utexas.edu,192.253.127.175,5,Rusk,,Al-Manar University,"Dragon, frilled",Consumer Services
43,sgopsall16,Saloma,Gopsall,sgopsall16@umich.edu,127.224.35.91,86,Armistice,K8B,Universidad Autónoma del Estado de Morelos,Crab-eating raccoon,n/a
44,cgabbetis17,Carin,Gabbetis,cgabbetis17@rambler.ru,207.78.102.36,216,Dahle,,Eckerd College,Old world fruit bat (unidentified),Transportation
45,cpabelik18,Cymbre,Pabelik,cpabelik18@list-manage.com,2.1.64.84,8263,Browning,,"Pedagogical State University ""Ion Creanga""",Bird (unidentified),Finance
46,wyukhnini19,Wilbert,Yukhnini,wyukhnini19@amazonaws.com,231.36.243.88,76356,Spenser,9505,Universidade Católica de Santos,"Grouse, sage",Basic Industries
47,ssidry1a,Solomon,Sidry,ssidry1a@unblog.fr,110.56.34.67,65981,2nd,,Universidad Marcelino Champagnat,Nubian bee-eater,Consumer Durables
48,ddufton1b,Danny,Dufton,ddufton1b@google.es,2.14.78.250,866,Main,425090,Dibrugarh University,Squirrel glider,Consumer Services
49,tmaclachlan1c,Trisha,MacLachlan,tmaclachlan1c@wordpress.org,221.28.50.246,610,Thackeray,,Rider University,"Fox, silver-backed",n/a
50,ttrask1d,Timmy,Trask,ttrask1d@ted.com,148.102.7.17,1103,Chive,,Lakehead University,"Sandpiper, spotted wood",Capital Goods
51,cmarsay1e,Clarissa,Marsay,cmarsay1e@typepad.com,31.160.175.107,848,Grayhawk,,Universidade Braz Cubas,Grey heron,Consumer Services
52,aalfonso1f,Alejandrina,Alfonso,aalfonso1f@sphinn.com,231.185.94.181,25119,School,,Universiteit Antwerpen,Ferruginous hawk,Finance
53,bloosley1g,Bette-ann,Loosley,bloosley1g@homestead.com,91.11.150.57,0,Hallows,1123,College of Technology at Dammam,Common dolphin,Consumer Services
54,kmckilroe1h,Kelwin,McKilroe,kmckilroe1h@deviantart.com,148.23.236.7,89,Debs,58-111,Nova Scotia College of Art and Design,"Cardinal, black-throated",Health Care
55,cmenaul1i,Clevie,Menaul,cmenaul1i@imageshack.us,29.45.74.234,0857,Amoth,,Yarmouk Private University ,"Eagle, african fish",n/a
56,kosgerby1j,Killian,Osgerby,kosgerby1j@sakura.ne.jp,252.128.124.138,531,Warner,,"University of Roma ""Tor Vergata""",Mara,Energy
57,wmatchett1k,Wells,Matchett,wmatchett1k@cyberchimps.com,28.144.226.252,8,Graceland,33-140,Guangzhou Normal University,"Eland, common",Finance
58,adrees1l,Alyosha,Drees,adrees1l@phpbb.com,99.46.129.11,7515,Di Loreto,9630-015,Universidad San Francisco de Quito,Black-faced kangaroo,Consumer Services
59,mdovermann1m,Mirabelle,Dovermann,mdovermann1m@dailymail.co.uk,37.0.160.242,4525,Porter,17580-000,Sung Kyun Kwan University,"Cat, civet",Consumer Services
60,vkells1n,Vanya,Kells,vkells1n@mozilla.com,186.40.200.193,893,Waywood,,Mennonite College of Nursing,"Lemming, collared",Consumer Services
61,llooker1o,Laryssa,Looker,llooker1o@ehow.com,180.89.47.143,44593,Veith,47239,Lampang Rajabhat University,Yellow-headed caracara,Capital Goods
62,lschimoni1p,Lanna,Schimoni,lschimoni1p@chron.com,224.132.8.116,438,Alpine,,Lock Haven University of Pennsylvania,Lapwing (unidentified),Basic Industries
63,lskepper1q,Lyndsey,Skepper,lskepper1q@aboutads.info,9.128.236.227,2,Pawling,,Dumlupinar University,"Shrike, crimson-breasted",Basic Industries
64,efoston1r,Engracia,Foston,efoston1r@independent.co.uk,187.1.188.129,8965,Northfield,4405,Shannon College of Hotel Management,"Goose, greylag",Technology
65,phuish1s,Pietro,Huish,phuish1s@digg.com,162.102.217.208,5703,Katie,44190,Universidad Panamericana,"Lemur, brown",Basic Industries
66,kbrudenell1t,Keelia,Brudenell,kbrudenell1t@apache.org,167.14.190.119,53583,Dawn,55441,Universitas Sultan Ageng Tirtayasa,"Raven, white-necked",Consumer Services
67,mstancliffe1u,Marchelle,Stancliffe,mstancliffe1u@mail.ru,240.221.201.218,18,Killdeer,59449 CEDEX,Marcus Oldham College,White stork,Basic Industries
68,kmcwhorter1v,Karyl,McWhorter,kmcwhorter1v@forbes.com,45.191.251.181,0,Di Loreto,,National Sanskrit University,Mara,n/a
69,breal1w,Brandon,Real,breal1w@sohu.com,158.78.16.210,29375,3rd,,Humphreys College,"Antelope, sable",Energy
70,maimson1x,Malorie,Aimson,maimson1x@rakuten.co.jp,194.47.212.236,85,Forest Dale,849-5263,Ecole Nationale Supérieure de Chimie de Toulouse,Common raccoon,Health Care
71,lrubanenko1y,Lexy,Rubanenko,lrubanenko1y@shop-pro.jp,127.133.45.38,50,Lake View,412478,American InterContinental University - London,"Stork, european",Health Care
72,fwiddowfield1z,Ferne,Widdowfield,fwiddowfield1z@opera.com,9.144.178.124,5490,Doe Crossing,3741,Emily Carr Institute of Art + Design,Praying mantis (unidentified),Finance
73,ndunthorn20,Ninette,Dunthorn,ndunthorn20@1688.com,157.177.73.97,0,Graedel,,Seton Hall University,"Langur, common",Transportation
74,ndegoy21,Niki,Degoy,ndegoy21@bloglovin.com,127.1.6.82,75,Vahlen,6307,Chuo University,Water legaan,Finance
75,aleuren22,Arri,Leuren,aleuren22@virginia.edu,44.48.77.19,154,Coolidge,618146,Kobe Gakuin University,"Hornbill, leadbeateri's ground",Consumer Non-Durables
76,rjulian23,Raynard,Julian,rjulian23@fema.gov,86.7.48.9,8382,Westport,,Adiban Higher Education Institue,House crow,Capital Goods
77,lobradden24,Linzy,O'Bradden,lobradden24@networkadvertising.org,60.163.18.192,3,Rockefeller,,"Concordia University, River Forest","Eagle, bald",n/a
78,spettyfar25,Sayres,Pettyfar,spettyfar25@hp.com,230.128.215.140,4408,Badeau,,"Institute of Germanic Studies, University of London","Squirrel, african bush",Consumer Durables
79,ssitch26,Sybyl,Sitch,ssitch26@imgur.com,202.29.160.163,7,Spohn,,Harding University,"Coatimundi, white-nosed",n/a
80,ablamires27,Alleen,Blamires,ablamires27@booking.com,175.236.154.55,33778,Troy,,The American University in London,Campo flicker,Public Utilities
81,ilettington28,Imogene,Lettington,ilettington28@360.cn,122.25.174.116,03853,Dryden,6337,University of Nizwa,White-rumped vulture,n/a
82,lmanagh29,Latrina,Managh,lmanagh29@aol.com,50.55.11.247,53660,Stone Corner,,"University of the Punjab, Gujranwala Campus",Pied kingfisher,Consumer Services
83,aathy2a,Art,Athy,aathy2a@cdbaby.com,157.139.25.39,59106,Saint Paul,L5W,Technological University (Pathein),Common grenadier,n/a
84,ewaycot2b,Emmalee,Waycot,ewaycot2b@csmonitor.com,232.202.56.223,2,Grasskamp,352762,Letourneau University,"Glider, feathertail",Transportation
85,vcoopland2c,Viva,Coopland,vcoopland2c@topsy.com,58.66.183.162,1,Bellgrove,37-112,Universidade Federal de Pernambuco,"Whale, long-finned pilot",Consumer Services
86,ttroup2d,Thomasina,Troup,ttroup2d@omniture.com,45.73.6.139,750,Shoshone,,Universidad del Valle de México,Mexican beaded lizard,Basic Industries
87,nhathwood2e,Norbert,Hathwood,nhathwood2e@vkontakte.ru,155.50.86.177,410,Marcy,48326,Chittagong Independent University,"Hawk, ferruginous",Basic Industries
88,tbrafferton2f,Tammie,Brafferton,tbrafferton2f@theguardian.com,145.246.193.58,866,Scofield,1433,Yokohama College of Commerce,"Polecat, african",Finance
89,jnapoleon2g,Jarred,Napoleon,jnapoleon2g@angelfire.com,240.193.38.52,61748,Everett,56110,Lumbini Buddhist University,"Crow, house",n/a
90,jcorney2h,Janie,Corney,jcorney2h@google.it,153.51.205.141,968,Sachtjen,58120,Ghazni University,Sea birds (unidentified),Energy
91,kdeeny2i,Kathe,Deeny,kdeeny2i@seattletimes.com,99.79.221.242,41257,Jay,,Sabaragamuwa University of Sri Lanka,Red-billed tropic bird,n/a
92,cwybourne2j,Collette,Wybourne,cwybourne2j@com.com,202.116.242.69,8,Clyde Gallagher,466 92,Adventist University of Africa,"Cat, tiger",Consumer Services
93,cbather2k,Conrad,Bather,cbather2k@wix.com,183.240.217.94,80793,Bay,,Université Kofi Annan,"Goose, spur-winged",Technology
94,rsprowell2l,Rinaldo,Sprowell,rsprowell2l@i2i.jp,248.7.96.228,76,Coleman,7630-305,London Metropolitan University,Northern elephant seal,Consumer Services
95,rbeckhurst2m,Rickey,Beckhurst,rbeckhurst2m@omniture.com,16.76.45.37,81,Northland,442 53,Physical Education Academy in Katowice,"Wombat, southern hairy-nosed",n/a
96,dechelle2n,Dre,Echelle,dechelle2n@etsy.com,41.46.143.164,6370,Village,,"COMSATS Institute of Information Technology, Wah","Boar, wild",Energy
97,tmcdermot2o,Tova,McDermot,tmcdermot2o@soup.io,75.197.60.140,0933,Garrison,2540-664,Universidad Autónoma de Santo Domingo,Common dolphin,n/a
98,dfrank2p,Delia,Frank,dfrank2p@t.co,195.210.36.34,935,Merchant,33405,Andong National University,"Shelduck, common",Public Utilities
99,athor2q,Alysa,Thor,athor2q@nydailynews.com,232.8.49.184,261,Porter,,Hakuoh University,"Kookaburra, laughing",Basic Industries
100,kdreng2r,Kial,Dreng,kdreng2r@wikia.com,194.254.82.61,2067,Butterfield,13840-000,University of Sibiu,Knob-nosed goose,Basic Industries